CREATOR USERNAME,DIAMONDS
lukebennett170.2,447846
allannah.unknown444,237598
2026_phyco,175672
georgiabrookss20,151809
kayjb_3,151755
stephen14444,127597
kitokovacs,123518
poppy_cooper06,120800
doryelizabeth09,111661
j.wliveacc,82881
livburns5,78146
dylanjinks,74038
kyzwrld1,70548
itssophie_xo19,66458
maxbutler.4,63421
tkaysx,63170
arabellama_y,63042
kleelou_ygam_kiki,57463
xomarky,55265
josh4pffitness26,49214
joshuahurd1,47997
lucylou449,45964
elliex035,39938
jade.xo21,38122
harryjonesey,36862
pyroindigame,36564
primalnxs,35604
courtsxox33,30756
paigeoliviaax1,24722
stephbacktothemic,24713
ronniefieldd,24237
bradleyjeavongoldensnitc,21805
jayyy02413,21089
emily17mc,19573
tommyj927,15549
bailedonbails,14862
callsignviper20,14205
mikeybrennan05,13739
scottjherd,13406
kaidensc07,13217
liamj99_,12695
rckhammerr,12681
willjohno97,11682
rubylou050,10293
leahlaunders20,9474
kooorieee,8400
shanahall1997,8374
.jackhill3,7417
sophia.gill3,7405
_lucy_no1,7274
flexzontik,7135
cameron_daviesmusic,7108
meganxrowe,6123
robertparrott4,5400
dee_dog13,5291
z.diness,5237
x.alice.x04,4830
3hearts1journey0,4649
tdxlive.18,4604
carys.windibank,4411
abbsxoxo0,4259
harrisongunn4,4248
noah.j53bu,4198
mads.mcleodxoxo16,3969
maikatemc,3842
thejess.szulc_diary,3721
nelly.parsnipsx40,3538
chelsnorton788,3474
hs90001,3386
smilie848,3305
elowenmagik,3214
flatline_official,2985
katejones830,2660
mj.bx07,2528
rachelvocals,2399
andyotley,2386
qdedbyjiggle,2258
caitlynpowellx,2195
gone.gone415,2163
luca..ii3,2126
xaraoneill,2110
libx23,2076
stuartjarv,2048
jacko.264,2035
bobbymadigan6,2030
ells.xcc1,1895
treyyy67,1892
callum.072,1890
jamie_lee1997,1671
daktit_04,1646
xx_star_xx30,1536
josh_tovey08,1461
jxmodifications,1435
xchloe_kirby.x,1279
elllllsssssss_xo23,1141
kamilabielicka,1125
hollymay_2007,1085
bethsharples3,993
mollsjadex,797
ceziahmaiax,709
jjwalsh105,700
dan.bradley,641
essexdollabi,629
teenmamma.xo,627
that1ld,522
jodylea11,417
malak1_kb,404
beth.172,382
unknown.238880,355
jasrobinson4,315
dillon.davis5,303
maiawilliams_,296
jayjayezt1,274
billie.anderson73,254
simonbradley2013,247
patriziatigue3,241
hazstacksgwop1,203
b_smokeyy,170
deadpruxy,166
theofficialwill007,134
owen.whittaker0,83
jord_195,60
secret.acc7110,59
amys.live.adm,48
kilbridex,41
quin_oflynn,38
maisylouise05,34
d3m0nisin,33
benkanan,31
sam.bpl06,30
chloe.cavender3,25
charliec203,23
max.0965,22
connor.mindset,20
wh0is.crammy,19
notyourmidget.x,19
beckimck,17
djcallumstorr,16
cameron.gudgion8,15
..tyler_xanderc,13
csphantom2,11
duckie_of_darkness,10
jaime.jx,5
alfieglxdwin,5
mumma_2_angels,5
gemma.editz,4
your.mush.aj.2,3
hannahbrissenden12,2
mingham_natasha1997,2
aims.ad77,2
ellie.may252,1
savy_xox0,1
alannagalv,0
tuttifruityy92,0
.nidz_,0
jemma.rebecca,0
f14ndr,0
shannonlouiseshac,0
ashtonpye,0
anastasija.xo,0
lorenademiguelxo,0
deannalangham07,0
ilaria.skye19,0
mikeyconnor,0
xmaddielewxx,0
sadiebaby335,0
sc95__,0
rjot04,0
carterscott4,0
kyle94678,0
doltonl,0
therealdillshady,0
_meganwells_,0
el1szq,0
cieran01,0
ethan_jones_22,0
adelleturnerr,0
the_mcdowells,0
strorny03,0
jay_rich.xox01x,0
leiaisabellamainx,0
christina_eva.xo,0
jackfoulkes8,0
charliehewett425,0
aaron_brown27,0
rhian_s,0
jb.1ive,0
skystockton21,0
shivsbackup,0
avangalinefarr_x0,0
harleyj23x,0
marshalldagless1,0
livs_privxx5,0
sleepingwithsoleice,0
uknwn06,0
loglogl0g,0
henrymunslow,0
millie.rivett,0
kpactivebushy,0
tyler.priv06,0
lacey.xo.1,0
mkofficialuk,0
corie.watkins,0
tyler_tui,0
tdocherty0,0
null.n.v01d,0
shaz06.x,0
clashelniko,0
summer_mariex0,0
matt.in.motion_,0
x_ruby_x3,0
natsellss,0
domw07,0
yxngfrxd,0
xojayyy,0
taylorrjamesss,0
brandon.marshall29,0
_alchemizedmusic_,0
sophmegxo,0
ben_dy318,0
pabloplayz1,0
coldmellzz,0
deano_the_elite,0
ssshonaaaa,0
shaysullivan316,0
untickytockytash,0
r_gallagher2,0
xshay_25x,0
clav097,0
charley_louise2006,0
yo.its.your.mush.aj,0
bradley0x,0
lukebennett170.3,0
